{"39_m5": {"name": "39樂合彩", "results": [{"period": "114000016", "date": "114/01/18", "numbers": ["07", "12", "18", "35", "39"]}, {"period": "114000015", "date": "114/01/17", "numbers": ["04", "07", "08", "24", "26"]}, {"period": "114000014", "date": "114/01/16", "numbers": ["09", "13", "23", "29", "34"]}, {"period": "114000013", "date": "114/01/15", "numbers": ["03", "21", "22", "26", "39"]}, {"period": "114000012", "date": "114/01/14", "numbers": ["10", "22", "31", "35", "36"]}, {"period": "114000011", "date": "114/01/13", "numbers": ["04", "12", "28", "35", "38"]}, {"period": "114000010", "date": "114/01/11", "numbers": ["05", "12", "13", "19", "34"]}, {"period": "114000009", "date": "114/01/10", "numbers": ["09", "11", "15", "18", "20"]}, {"period": "114000008", "date": "114/01/09", "numbers": ["02", "08", "19", "21", "29"]}, {"period": "114000007", "date": "114/01/08", "numbers": ["12", "18", "20", "24", "31"]}, {"period": "114000006", "date": "114/01/07", "numbers": ["13", "23", "27", "31", "37"]}, {"period": "114000005", "date": "114/01/06", "numbers": ["07", "21", "22", "27", "35"]}, {"period": "114000004", "date": "114/01/04", "numbers": ["08", "09", "12", "21", "23"]}, {"period": "114000003", "date": "114/01/03", "numbers": ["05", "06", "08", "11", "14"]}, {"period": "114000002", "date": "114/01/02", "numbers": ["12", "26", "30", "32", "33"]}, {"period": "114000001", "date": "114/01/01", "numbers": ["02", "07", "08", "10", "14"]}]}, "3_d": {"name": "3星彩", "results": [{"period": "114000016", "date": "114/01/18", "numbers": ["7", "0", "8"]}, {"period": "114000015", "date": "114/01/17", "numbers": ["7", "9", "7"]}, {"period": "114000014", "date": "114/01/16", "numbers": ["0", "1", "0"]}, {"period": "114000013", "date": "114/01/15", "numbers": ["7", "5", "2"]}, {"period": "114000012", "date": "114/01/14", "numbers": ["3", "5", "1"]}, {"period": "114000011", "date": "114/01/13", "numbers": ["2", "9", "6"]}, {"period": "114000010", "date": "114/01/11", "numbers": ["0", "5", "7"]}, {"period": "114000009", "date": "114/01/10", "numbers": ["3", "4", "1"]}, {"period": "114000008", "date": "114/01/09", "numbers": ["5", "0", "8"]}, {"period": "114000007", "date": "114/01/08", "numbers": ["4", "2", "6"]}, {"period": "114000006", "date": "114/01/07", "numbers": ["0", "5", "7"]}, {"period": "114000005", "date": "114/01/06", "numbers": ["5", "7", "3"]}, {"period": "114000004", "date": "114/01/04", "numbers": ["4", "6", "8"]}, {"period": "114000003", "date": "114/01/03", "numbers": ["7", "9", "9"]}, {"period": "114000002", "date": "114/01/02", "numbers": ["3", "5", "1"]}, {"period": "114000001", "date": "114/01/01", "numbers": ["3", "1", "3"]}]}, "49_m6": {"name": "49樂合彩", "results": [{"period": "114000005", "date": "114/01/17", "numbers": ["11", "18", "32", "39", "44", "49"]}, {"period": "114000004", "date": "114/01/14", "numbers": ["01", "03", "13", "15", "37", "48"]}, {"period": "114000003", "date": "114/01/10", "numbers": ["14", "29", "35", "36", "37", "49"]}, {"period": "114000002", "date": "114/01/07", "numbers": ["01", "08", "20", "26", "29", "35"]}, {"period": "114000001", "date": "114/01/03", "numbers": ["06", "09", "15", "29", "30", "48"]}]}, "4_d": {"name": "4星彩", "results": [{"period": "114000016", "date": "114/01/18", "numbers": ["1", "0", "9", "7"]}, {"period": "114000015", "date": "114/01/17", "numbers": ["9", "5", "1", "2"]}, {"period": "114000014", "date": "114/01/16", "numbers": ["1", "6", "1", "2"]}, {"period": "114000013", "date": "114/01/15", "numbers": ["8", "0", "8", "3"]}, {"period": "114000012", "date": "114/01/14", "numbers": ["7", "0", "6", "1"]}, {"period": "114000011", "date": "114/01/13", "numbers": ["6", "7", "7", "5"]}, {"period": "114000010", "date": "114/01/11", "numbers": ["4", "2", "0", "9"]}, {"period": "114000009", "date": "114/01/10", "numbers": ["1", "2", "3", "0"]}, {"period": "114000008", "date": "114/01/09", "numbers": ["9", "9", "4", "6"]}, {"period": "114000007", "date": "114/01/08", "numbers": ["2", "4", "3", "0"]}, {"period": "114000006", "date": "114/01/07", "numbers": ["8", "7", "8", "1"]}, {"period": "114000005", "date": "114/01/06", "numbers": ["3", "2", "4", "3"]}, {"period": "114000004", "date": "114/01/04", "numbers": ["5", "5", "4", "0"]}, {"period": "114000003", "date": "114/01/03", "numbers": ["7", "5", "9", "3"]}, {"period": "114000002", "date": "114/01/02", "numbers": ["1", "3", "7", "3"]}, {"period": "114000001", "date": "114/01/01", "numbers": ["6", "8", "0", "4"]}]}, "daily_cash": {"name": "今彩539", "results": [{"period": "114000016", "date": "114/01/18", "numbers": ["07", "12", "18", "35", "39"]}, {"period": "114000015", "date": "114/01/17", "numbers": ["04", "07", "08", "24", "26"]}, {"period": "114000014", "date": "114/01/16", "numbers": ["09", "13", "23", "29", "34"]}, {"period": "114000013", "date": "114/01/15", "numbers": ["03", "21", "22", "26", "39"]}, {"period": "114000012", "date": "114/01/14", "numbers": ["10", "22", "31", "35", "36"]}, {"period": "114000011", "date": "114/01/13", "numbers": ["04", "12", "28", "35", "38"]}, {"period": "114000010", "date": "114/01/11", "numbers": ["05", "12", "13", "19", "34"]}, {"period": "114000009", "date": "114/01/10", "numbers": ["09", "11", "15", "18", "20"]}, {"period": "114000008", "date": "114/01/09", "numbers": ["02", "08", "19", "21", "29"]}, {"period": "114000007", "date": "114/01/08", "numbers": ["12", "18", "20", "24", "31"]}, {"period": "114000006", "date": "114/01/07", "numbers": ["13", "23", "27", "31", "37"]}, {"period": "114000005", "date": "114/01/06", "numbers": ["07", "21", "22", "27", "35"]}, {"period": "114000004", "date": "114/01/04", "numbers": ["08", "09", "12", "21", "23"]}, {"period": "114000003", "date": "114/01/03", "numbers": ["05", "06", "08", "11", "14"]}, {"period": "114000002", "date": "114/01/02", "numbers": ["12", "26", "30", "32", "33"]}, {"period": "114000001", "date": "114/01/01", "numbers": ["02", "07", "08", "10", "14"]}]}, "lotto649": {"name": "大樂透", "results": [{"period": "114000005", "date": "114/01/17", "numbers": ["11", "18", "32", "39", "44", "49"], "special_number": "46"}, {"period": "114000004", "date": "114/01/14", "numbers": ["01", "03", "13", "15", "37", "48"], "special_number": "42"}, {"period": "114000003", "date": "114/01/10", "numbers": ["14", "29", "35", "36", "37", "49"], "special_number": "40"}, {"period": "114000002", "date": "114/01/07", "numbers": ["01", "08", "20", "26", "29", "35"], "special_number": "19"}, {"period": "114000001", "date": "114/01/03", "numbers": ["06", "09", "15", "29", "30", "48"], "special_number": "23"}]}, "super_lotto638": {"name": "威力彩", "results": [{"period": "114000005", "date": "114/01/16", "numbers": ["10", "16", "19", "21", "31", "37"], "second_area": "03"}, {"period": "114000004", "date": "114/01/13", "numbers": ["03", "13", "22", "26", "28", "33"], "second_area": "02"}, {"period": "114000003", "date": "114/01/09", "numbers": ["01", "04", "15", "16", "31", "34"], "second_area": "04"}, {"period": "114000002", "date": "114/01/06", "numbers": ["04", "14", "17", "29", "31", "38"], "second_area": "07"}, {"period": "114000001", "date": "114/01/02", "numbers": ["04", "12", "13", "22", "27", "32"], "second_area": "05"}]}}